Guest,Host,Political,Edge Cases Classified as Not Political
 Speaker of the House Nancy Pelosi,Kimmel,1,
Trevor Noah (The Daily Show),Kimmel,1,
 Ben Platt (Sing to Me Instead),Kimmel,,
 Bill Hader,Kimmel,,
 Billie Lourd (Booksmart),Kimmel,,
 Camila Mendes (Riverdale),Kimmel,,
 Celeste Barber (Celeste and Her Best),Kimmel,,
 Chris Hemsworth,Kimmel,,
 Chris Tucker,Kimmel,,
 Cobie Smulders,Kimmel,,
 Danai Gurira (Marvel's Avengers: Endgame),Kimmel,,
 David Benioff and D.B. Weiss (Game of Thrones),Kimmel,,
 Dennis Quaid (The Intruder),Kimmel,,
 Dr. Mehmet Oz (The Dr. Oz Show),Kimmel,,
 Elizabeth Banks (Brightburn),Kimmel,,
 Hannah Brown (The Bachelorette),Kimmel,,
 Isaac Hempstead Wright (Game of Thrones),Kimmel,,
 Jake Gyllenhaal,Kimmel,,
 Jessica Chastain,Kimmel,,
 Justin Turner (Los Angeles Dodgers),Kimmel,,
 Katie Stevens (The Bold Type),Kimmel,,
 Khloé Kardashian and Kourtney Kardashian (Keeping Up With the Kardashians),Kimmel,,
 Kiernan Shipka (Chilling Adventures of Sabrina),Kimmel,,
 Kyle Chandler (Catch-22),Kimmel,,
 Lala Milan (Boomerang),Kimmel,,
 Lena Waithe (The Chi),Kimmel,,
 Lil Dicky,Kimmel,,
 Linda Cardellini (The Curse of La Llorona),Kimmel,,
 Mike Tyson (Tyson Ranch cannabis products),Kimmel,,
 Naomi Scott (Aladdin),Kimmel,,
 Nikolaj Coster-Waldau,Kimmel,,
 Olivia Holt (Marvel's Cloak & Dagger),Kimmel,,
 Paul Rudd and Chris Hemsworth (Marvel's Avengers: Endgame),Kimmel,,
 Samin Nosrat (Salt Fat Acid Heat),Kimmel,,
 Scarlett Johansson,Kimmel,,
 Senator Amy Klobuchar (Democratic presidential hopeful),Kimmel,,
 Sharon Horgan & Rob Delaney (Catastrophe),Kimmel,,
 Shockingly Evil,Kimmel,,
Ali Wong,Kimmel,,
Allison Williams (The Perfection),Kimmel,,
American Idol Winner Laine Hardy,Kimmel,,
Anthony Anderson (Beats),Kimmel,,
Anthony Jeselnik,Kimmel,,
Ayesha Curry (Family Food Fights),Kimmel,,
Betty Gilpin,Kimmel,,
Boxed Andy Ruiz Jr.,Kimmel,,
Brad Paisley,Kimmel,,
Celine Dion (also Musical Guest),Kimmel,,
Christina Applegate,Kimmel,,
Cobie Smulders,Kimmel,,
College Knowledge: UCLA v. Georgia Tech,Kimmel,,
Dax Shepard (Bless This Mess),Kimmel,,
Diane Keaton (Poms),Kimmel,,
Don Cheadle (Marvel's Avengers: Endgame),Kimmel,,
Emilia Clarke (Game of Thrones),Kimmel,,
George Clooney (Catch-22),Kimmel,,
Gina Rodriguez (Someone Great),Kimmel,,
Himesh Patel,Kimmel,,
ix-time Super Bowl champion Tom Brady (New England Patriots),Kimmel,,
Jacob Batalon,Kimmel,,
Jada Pinkett Smith,Kimmel,,
Jake Gyllenhaal,Kimmel,,
James McAvoy,Kimmel,,
Jamie and Corinne Foxx,Kimmel,,
Jason Sudeikis (Booksmart),Kimmel,,
Jennifer Lawrence,Kimmel,,
Jeremy Renner (Marvel's Avengers: Endgame),Kimmel,,
Jim Acosta,Kimmel,,
Joel McHale,Kimmel,,
John and Ella Bleu Travolta (The Poison Rose),Kimmel,,
Jon Hamm (Good Omens),Kimmel,,
Josh Brolin (Marvel's Avengers: Endgame),Kimmel,,
Kevin Costner,Kimmel,,
Kevin Hart (Irresponsible),Kimmel,,
King Calaway,Kimmel,,
Kumail Nanjiani,Kimmel,,
Lionel Richie (American Idol),Kimmel,,
Martin Short,Kimmel,,
Matthew McConaughey and Snoop Dogg (The Beach Bum),Kimmel,,
Michael Fassbender,Kimmel,,
Miles Teller,Kimmel,,
Nicholas Hoult,Kimmel,,
Nikolaj Coster-Waldau (Game of Thrones),Kimmel,,
Pamela Adlon,Kimmel,,
Rebel Wilson (The Hustle),Kimmel,,
Robert Downey Jr.,Kimmel,,
Ryan Seacrest (American Idol),Kimmel,,
Seth Rogen (Long Shot),Kimmel,,
Six-time Super Bowl champion Tom Brady (New England Patriots),Kimmel,,
Snoop Dogg,Kimmel,,
Sophie Turner,Kimmel,,
Taron Egerton (Rocketman),Kimmel,,
Tiffany Haddish (The Last O.G.),Kimmel,,
Tim Robinson,Kimmel,,
Tom Hanks,Kimmel,,
Tom Holland,Kimmel,,
Tye Sheridan (Dark Phoenix),Kimmel,,
Wanda Sykes,Kimmel,,
Will Arnett,Kimmel,,
Will Smith (Aladdin),Kimmel,,
Zac Efron (Extremely Wicked,Kimmel,,
Zach Galifianakis (Baskets),Kimmel,,
Zachary Quinto,Kimmel,,
Zendaya,Kimmel,,
 Admiral William McRaven,Colbert,1,
 Andrew Yang,Colbert,1,
 Ari Melber,Colbert,1,
 Ash Carter,Colbert,1,
 Dan Abrams,Colbert,1,
 Emily Bazelon,Colbert,1,
 Jessica Yellin,Colbert,1,
 Jim Sciutto,Colbert,1,
 Lori Lightfoot,Colbert,1,
 Preet Bharara,Colbert,1,
 Representative Eric Swalwell,Colbert,1,
 Representative Ilhan Omar,Colbert,1,
 Samantha Bee,Colbert,1,
 Scott Pelley,Colbert,1,
 Stacey Abrams,Colbert,1,
 Van Jones,Colbert,1,
Alexandria Ocasio-Cortez,Colbert,1,
Anderson Cooper,Colbert,1,
Anna Palmer & Jake Sherman,Colbert,1,
Beto O'Rourke,Colbert,1,
Chris Christie,Colbert,1,
Chris Cuomo,Colbert,1,
"Jon Favreau,  Jon Lovett & Tommy Vietor",Colbert,1,
Neal Katyal,Colbert,1,
Senator Kamala Harris,Colbert,1,
 Carly Zakin & Danielle Weisberg,Colbert,,1
Gayle King,Colbert,,1
 Adam Scott,Colbert,,
 Anthony Mason & Tony Dokoupil,Colbert,,
 Bear Grylls,Colbert,,
 Beth Behrs,Colbert,,
 Billy Porter,Colbert,,
 BTS,Colbert,,
 Gary Cole,Colbert,,
 Henry Louis Gates Jr.,Colbert,,
 Henry Winkler,Colbert,,
 Jessie Buckley,Colbert,,
 Julian Edelman,Colbert,,
 Kaitlyn Dever,Colbert,,
 Mark Ronson,Colbert,,
 Matt Bomer,Colbert,,
 Nicholas Hoult & Lily Collins,Colbert,,
 Rachel Dratch,Colbert,,
 Ramy Youssef,Colbert,,
 Retta,Colbert,,
 Ronda Rousey,Colbert,,
 RuPaul,Colbert,,
 Ruth Wilson,Colbert,,
 Santino Fontana,Colbert,,
 Seth Green,Colbert,,
 Tessa Thompson,Colbert,,
 The Cast of Queer Eye,Colbert,,
 Thomas Middleditch,Colbert,,
 Tig Notaro,Colbert,,
 Vanessa Bayer,Colbert,,
 Zachary Levi,Colbert,,
 Zoë Kravitz,Colbert,,
Anne Hathaway,Colbert,,
Aubrey Plaza,Colbert,,
Bill Hader,Colbert,,
Bryan Cranston,Colbert,,
Chris Matthews,Colbert,,
Christina Applegate,Colbert,,
Common,Colbert,,
Conan O'Brien,Colbert,,
Craig Ferguson,Colbert,,
Dax Shepard,Colbert,,
Elisabeth Moss,Colbert,,
Emilia Clarke,Colbert,,
Emma Thompson,Colbert,,
Hank Azaria,Colbert,,
Howard Stern,Colbert,,
Ice Cube,Colbert,,
James Corden,Colbert,,
John Lithgow,Colbert,,
Julianna Margulies,Colbert,,
Keanu Reeves,Colbert,,
Kevin Bacon,Colbert,,
Laurie Metcalf,Colbert,,
Mariska Hargitay,Colbert,,
Michelle Williams,Colbert,,
Mindy Kaling,Colbert,,
Molly Shannon,Colbert,,
Naomi Watts,Colbert,,
Nathan Lane,Colbert,,
Olivia Wilde,Colbert,,
Pete Holmes,Colbert,,
Robert De Niro,Colbert,,
Russell Crowe,Colbert,,
Samuel L. Jackson,Colbert,,
Sandra Oh,Colbert,,
Seth Rogen,Colbert,,
The Cast of The Big Bang Theory,Colbert,,
The Cast of Veep,Colbert,,
Tim McGraw & Jon Meacham,Colbert,,
Tom Holland,Colbert,,
Wanda Sykes,Colbert,,
Zach Galifianakis,Colbert,,
Zendaya,Colbert,,
Jake Tapper,Conan,1,
Adam Sandler,Conan,,
Bill Burr,Conan,,
Bill Hader,Conan,,
Chelsea Handler,Conan,,
Dana Carvey,Conan,,
David Cross,Conan,,
Dax Shepard,Conan,,
Don Cheadle,Conan,,
Howie Mandel,Conan,,
Isaac Hempstead Wright,Conan,,
Jason Mantzoukas,Conan,,
Jim Gaffigan,Conan,,
Jim Jefferies,Conan,,
John Bradley,Conan,,
Jon Rudnitsky,Conan,,
Kevin Nealon,Conan,,
Liam Cunningham,Conan,,
Lisa Kudrow,Conan,,
Louie Anderson,Conan,,
Martin Short,Conan,,
Nore Davis,Conan,,
Patton Oswalt,Conan,,
Sam Richardson,Conan,,
Sean Penn,Conan,,
Seth Green,Conan,,
Sophie Turner,Conan,,
Taylor Schilling,Conan,,
Taylor Tomlinson,Conan,,
Thomas Middleditch,Conan,,
Tony Hale,Conan,,
Vir Das,Conan,,
 Chelsea Clinton,Seth Meyers,1,
 Congressman Will Hurd,Seth Meyers,1,
 Julian Castro,Seth Meyers,1,
 Meghan McCain,Seth Meyers,1,
 Pete Buttigieg,Seth Meyers,1,
 Representative Pramila Jayapal,Seth Meyers,1,
 Representative Rashida Tlaib,Seth Meyers,1,
 Senator Amy Klobuchar,Seth Meyers,1,
 Senator Michael Bennet,Seth Meyers,1,
 Willie Geist,Seth Meyers,1,
Chris Hayes,Seth Meyers,1,
Rachel Maddow,Seth Meyers,1,
Senator Kamala Harris,Seth Meyers,1,
 Desi Lydic,Seth Meyers,1,
 Jordan Klepper,Seth Meyers,1,
 Alex Brightman,Seth Meyers,,
 Ana Fabrega & Fred Armisen,Seth Meyers,,
 Ana Gasteyer,Seth Meyers,,
 Ann Beattie,Seth Meyers,,
 Anthony Carrigan,Seth Meyers,,
 Anthony Jeselnik,Seth Meyers,,
 Ashley Longshore,Seth Meyers,,
 Beanie Feldstein,Seth Meyers,,
 Brandon Maxwell,Seth Meyers,,
 Christopher Abbott,Seth Meyers,,
 Cobie Smulders,Seth Meyers,,
 Conleth Hill,Seth Meyers,,
 Diane von Fürstenberg,Seth Meyers,,
 Dr. Ruth Westheimer,Seth Meyers,,
 Eric Stonestreet,Seth Meyers,,
 Henry Winkler,Seth Meyers,,
 Ian McShane,Seth Meyers,,
 Jacki Weaver,Seth Meyers,,
 Jared Harris,Seth Meyers,,
 Jason Mantzoukas,Seth Meyers,,
 Jenny Slate,Seth Meyers,,
 Jodie Comer,Seth Meyers,,
 John Waters,Seth Meyers,,
 Julio Torres,Seth Meyers,,
 Kathryn Newton,Seth Meyers,,
 Linda Cardellini,Seth Meyers,,
 Logan Browning,Seth Meyers,,
 Louie Anderson,Seth Meyers,,
 Lyric Lewis,Seth Meyers,,
 Margo Martindale,Seth Meyers,,
 Mark Hamill,Seth Meyers,,
 Melissa Fumero,Seth Meyers,,
 Michael Torpey,Seth Meyers,,
 Ocean Vuong,Seth Meyers,,
 Rachael Ray,Seth Meyers,,
 Ramy Youssef,Seth Meyers,,
 Regina Hall,Seth Meyers,,
 Rich Eisen,Seth Meyers,,
 Susan Kelechi Watson,Seth Meyers,,
 Tim Robinson,Seth Meyers,,
 Timothy Simons,Seth Meyers,,
 Zosia Mamet,Seth Meyers,,
Adam Driver,Seth Meyers,,
Adam Sandler,Seth Meyers,,
Aidy Bryant,Seth Meyers,,
Amy Poehler,Seth Meyers,,
Amy Sedaris,Seth Meyers,,
Andy Cohen,Seth Meyers,,
Anthony Anderson,Seth Meyers,,
Aubrey Plaza,Seth Meyers,,
Bill Hader,Seth Meyers,,
Bryan Cranston,Seth Meyers,,
Charlize Theron,Seth Meyers,,
Colin Quinn,Seth Meyers,,
Eva Longoria,Seth Meyers,,
Glenn Howerton,Seth Meyers,,
Hank Azaria,Seth Meyers,,
Issa Rae,Seth Meyers,,
Jeff Daniels,Seth Meyers,,
Jim Gaffigan,Seth Meyers,,
John Lithgow,Seth Meyers,,
Julia Louis-Dreyfus,Seth Meyers,,
Kate McKinnon,Seth Meyers,,
Keri Russell,Seth Meyers,,
Kevin Bacon,Seth Meyers,,
Kit Harington,Seth Meyers,,
Lena Dunham,Seth Meyers,,
Olivia Munn,Seth Meyers,,
Olivia Wilde,Seth Meyers,,
Rhea Perlman,Seth Meyers,,
Sam Rockwell,Seth Meyers,,
Seth Rogen,Seth Meyers,,
Steve Buscemi,Seth Meyers,,
Steve Martin,Seth Meyers,,
Terry Crews,Seth Meyers,,
Timothy Olyphant,Seth Meyers,,
Tom Holland,Seth Meyers,,
Tracy Morgan,Seth Meyers,,
Amanda Nguyen,Trevor Noah,1,
Anna Palmer & Jake Sherman,Trevor Noah,1,
Bernie Sanders,Trevor Noah,1,
Christine Lagarde,Trevor Noah,1,
Eric Swalwell,Trevor Noah,1,
Hakeem Jeffries,Trevor Noah,1,
Jill Biden,Trevor Noah,1,
Kirsten Gillibrand,Trevor Noah,1,
Pete Buttigieg,Trevor Noah,1,
Tim Ryan,Trevor Noah,1,
Tom Perez,Trevor Noah,1,
Valerie Jarrett,Trevor Noah,1,
Rachel Louise Snyder,Trevor Noah,,1
Abby Wambach,Trevor Noah,,
Amber Scorah,Trevor Noah,,
Arturo Castro,Trevor Noah,,
Ava DuVernay,Trevor Noah,,
Charlize Theron,Trevor Noah,,
Chelsea Handler,Trevor Noah,,
Christian Siriano,Trevor Noah,,
Danielle Brooks,Trevor Noah,,
David Oyelowo,Trevor Noah,,
Eddie Izzard,Trevor Noah,,
Elaine Welteroth,Trevor Noah,,
Howard Dean,Trevor Noah,,
James Corden,Trevor Noah,,
Jesse Williams,Trevor Noah,,
Kwame Onwuachi,Trevor Noah,,
Lindsey Vonn,Trevor Noah,,
Lizzo,Trevor Noah,,
Mark Jonathan Harris & Deborah Oppenheimer,Trevor Noah,,
Marsai Martin,Trevor Noah,,
Melinda Gates,Trevor Noah,,
Olivia Munn,Trevor Noah,,
Oprah Winfrey,Trevor Noah,,
Perry Bacon Jr.,Trevor Noah,,
PJ Morton,Trevor Noah,,
Randall Park,Trevor Noah,,
Reese Witherspoon,Trevor Noah,,
Ryan O’Connell,Trevor Noah,,
Tessa Thompson,Trevor Noah,,
Tyra Banks,Trevor Noah,,
Wyatt Cenac,Trevor Noah,,
Tom Hanks,James Corden,,
Octavia Spencer,James Corden,,
Mindy Kaling,James Corden,,
Matthew McConaughey,James Corden,,
Lucy Liu,James Corden,,
Lisa Kudrow,James Corden,,
Lily James,James Corden,,
Lily Collins,James Corden,,
Karlie Kloss,James Corden,,
Jessica Alba,James Corden,,
Halle Berry,James Corden,,
Elizabeth Banks,James Corden,,
Dax Shepard,James Corden,,
Colin Farrell,James Corden,,
Chelsea Handler,James Corden,,
Charlize Theron,James Corden,,
Bill Hader,James Corden,,
Anne Hathaway,James Corden,,
Anna Faris,James Corden,,
 Will Forte,James Corden,,
 Seth Rogen,James Corden,,
 Rebel Wilson,James Corden,,
 Reba McEntire,James Corden,,
 Paul Rudd,James Corden,,
 Louis Tomlinson,James Corden,,
 Kunal Nayyar,James Corden,,
 Jason Sudeikis,James Corden,,
 Elle Fanning,James Corden,,
 Ben Platt,James Corden,,
 Allison Williams,James Corden,,
 Adam Scott,James Corden,,
Zoe Saldana,James Corden,,
Zach Braff,James Corden,,
Topher Grace,James Corden,,
Tiffany Haddish,James Corden,,
Seth MacFarlane,James Corden,,
Rob Lowe,James Corden,,
Renée Zellweger,James Corden,,
Rachel Bloom,James Corden,,
Nikolaj Coster-Waldau,James Corden,,
Michael Sheen,James Corden,,
Ian McKellen,James Corden,,
Dr. Phil McGraw,James Corden,,
Christina Applegate,James Corden,,
Andrew Garfield,James Corden,,
 Woody Harrelson,James Corden,,
 Timothy Simons,James Corden,,
 Rita Wilson,James Corden,,
 Paul Giamatti,James Corden,,
 Millie Bobby Brown,James Corden,,
 Max Minghella,James Corden,,
 Linda Cardellini,James Corden,,
 Lake Bell,James Corden,,
 Kenneth Branagh,James Corden,,
 Jodie Comer,James Corden,,
 Jason Schwartzman,James Corden,,
 Jason Clarke,James Corden,,
 James Marsden,James Corden,,
 Henry Winkler,James Corden,,
 Ginnifer Goodwin,James Corden,,
 Gillian Anderson,James Corden,,
 Gabrielle Union,James Corden,,
 Don Cheadle,James Corden,,
 David Tennant,James Corden,,
 Christopher Meloni,James Corden,,
 Charles Melton,James Corden,,
 Chad Daniels,James Corden,,
 Ben Kingsley,James Corden,,
 Anna Chlumsky,James Corden,,
 Anjelica Huston,James Corden,,
 Mayor Pete Buttigieg,Jimmy Fallon,1,
Hugh Jackman,Jimmy Fallon,1,
Trevor Noah,Jimmy Fallon,1,
 Adam DeVine,Jimmy Fallon,,
 Amirah Kassem,Jimmy Fallon,,
 Ashley Benson,Jimmy Fallon,,
 Bashir Salahuddin & Diallo Riddle,Jimmy Fallon,,
 Beanie Feldstein,Jimmy Fallon,,
 Brian Tyree Henry,Jimmy Fallon,,
 Chris Kattan,Jimmy Fallon,,
 Chrissy Metz,Jimmy Fallon,,
 Colin Quinn,Jimmy Fallon,,
 Desus & Mero,Jimmy Fallon,,
 Diane Guerrero,Jimmy Fallon,,
 DJ Khaled,Jimmy Fallon,,
 Dr. Jane Goodall,Jimmy Fallon,,
 Dwyane Wade,Jimmy Fallon,,
 Elaine Welteroth,Jimmy Fallon,,
 Elle Fanning,Jimmy Fallon,,
 Emily Ratajkowski,Jimmy Fallon,,
 Guy Raz,Jimmy Fallon,,
 Horatio Sanz,Jimmy Fallon,,
 Ivan Orkin,Jimmy Fallon,,
 J Balvin,Jimmy Fallon,,
 Jamie Foxx & Corinne Foxx,Jimmy Fallon,,
 Jason Clarke,Jimmy Fallon,,
 Jeff Ross,Jimmy Fallon,,
 Jennifer Kupcho & Maria Fassi,Jimmy Fallon,,
 Jonas Brothers,Jimmy Fallon,,
 José Andrés,Jimmy Fallon,,
 Josh Charles,Jimmy Fallon,,
 Justin Hartley,Jimmy Fallon,,
 Kate del Castillo,Jimmy Fallon,,
 Kathie Lee Gifford,Jimmy Fallon,,
 KJ Apa,Jimmy Fallon,,
 Laurie Metcalf,Jimmy Fallon,,
 Lily Collins,Jimmy Fallon,,
 Maisie Williams,Jimmy Fallon,,
" Mario, Michael & Marco Andretti",Jimmy Fallon,,
 Nikki & Brie Bella,Jimmy Fallon,,
 Noah Centineo,Jimmy Fallon,,
 Patrick Mahomes,Jimmy Fallon,,
 Paula Pell,Jimmy Fallon,,
 Perry Farrell,Jimmy Fallon,,
 Pete Davidson,Jimmy Fallon,,
 Philippe Cousteau,Jimmy Fallon,,
 Phoebe Robinson,Jimmy Fallon,,
 Pitbull,Jimmy Fallon,,
 Ralph Macchio,Jimmy Fallon,,
 Ramy Youssef,Jimmy Fallon,,
 Richard Curtis,Jimmy Fallon,,
 Richard Madden,Jimmy Fallon,,
 Rita Ora,Jimmy Fallon,,
 Robert Irwin,Jimmy Fallon,,
 Rosie Huntington-Whiteley,Jimmy Fallon,,
 Ryan Eggold,Jimmy Fallon,,
 Ryan Tedder,Jimmy Fallon,,
 Sebastian Maniscalco,Jimmy Fallon,,
 Sebastian Stan,Jimmy Fallon,,
 Sophia Bush,Jimmy Fallon,,
 Sophie Turner,Jimmy Fallon,,
 Terry Gilliam,Jimmy Fallon,,
 Tracy Pollan & Michael J. Fox,Jimmy Fallon,,
" Tyler ""Ninja"" Blevins",Jimmy Fallon,,
 Winnie Harlow,Jimmy Fallon,,
 Wyatt Cenac,Jimmy Fallon,,
 Yara Shahidi,Jimmy Fallon,,
Alec Baldwin,Jimmy Fallon,,
Alex Rodriguez,Jimmy Fallon,,
Alexander Skarsgård,Jimmy Fallon,,
Amy Poehler,Jimmy Fallon,,
Andy Cohen,Jimmy Fallon,,
Brie Larson,Jimmy Fallon,,
Charlize Theron,Jimmy Fallon,,
Chelsea Handler,Jimmy Fallon,,
Cher,Jimmy Fallon,,
Chris Hemsworth,Jimmy Fallon,,
Chrissy Teigen,Jimmy Fallon,,
Daisy Ridley,Jimmy Fallon,,
Dana Carvey,Jimmy Fallon,,
Dr. Phil,Jimmy Fallon,,
Drew Barrymore,Jimmy Fallon,,
Emma Stone,Jimmy Fallon,,
Emma Thompson,Jimmy Fallon,,
Ethan Hawke,Jimmy Fallon,,
Gabrielle Union,Jimmy Fallon,,
Guest(s),Jimmy Fallon,,
Halle Berry,Jimmy Fallon,,
Harrison Ford,Jimmy Fallon,,
Howard Stern,Jimmy Fallon,,
Jeff Daniels,Jimmy Fallon,,
Jessica Alba,Jimmy Fallon,,
John Lithgow,Jimmy Fallon,,
Kate Beckinsale,Jimmy Fallon,,
Kate McKinnon,Jimmy Fallon,,
Keegan-Michael Key,Jimmy Fallon,,
Kevin Hart,Jimmy Fallon,,
Kit Harington,Jimmy Fallon,,
Madonna,Jimmy Fallon,,
Maya Rudolph,Jimmy Fallon,,
Michael Shannon,Jimmy Fallon,,
Michael Strahan,Jimmy Fallon,,
Millie Bobby Brown,Jimmy Fallon,,
Milo Ventimiglia,Jimmy Fallon,,
Nathan Lane,Jimmy Fallon,,
Nicki Minaj,Jimmy Fallon,,
Paul Rudd,Jimmy Fallon,,
Ryan Reynolds,Jimmy Fallon,,
Sam Rockwell,Jimmy Fallon,,
Selena Gomez,Jimmy Fallon,,
Shailene Woodley,Jimmy Fallon,,
Sienna Miller,Jimmy Fallon,,
Sting,Jimmy Fallon,,
Stranger Things Cast,Jimmy Fallon,,
Taraji P. Henson,Jimmy Fallon,,
Tracy Morgan,Jimmy Fallon,,
Will Smith,Jimmy Fallon,,
Willie Nelson,Jimmy Fallon,,