Name,Date,Followers,,,,,,,,,,,,,,,,
Amy Klobuchar,5/1/19,0.685,,,,,,,,,,,,,,,,
Andrew Yang,5/1/19,0.259,,,,,,,,,,,,,,,,
Bernie Sanders,5/1/19,9.25,,,,,,,,,,,,,,,,
Beto O'Rourke,5/1/19,1.42,,,,,,,,,,,,,,,,
Cory Booker,5/1/19,4.25,,,,,,,,,,,,,,,,
Elizabeth Warren,5/1/19,4.98,,,,,,,,,,,,,,,,
Eric Swalwell,5/1/19,0.0787,,,,,,,,,,,,,,,,
Jay Inslee,5/1/19,0.0486,,,,,,,,,,,,,,,,
Joe Biden,5/1/19,3.55,,,,,,,,,,,,,,,,
John Delaney,5/1/19,0.0199,,,,,,,,,,,,,,,,
John Hickenlooper,5/1/19,0.143,,,,,,,,,,,,,,,,
Julian Castro,5/1/19,0.21,,,,,,,,,,,,,,,,
Kamala Harris,5/1/19,2.61,,,,,,,,,,,,,,,,
Kirsten Gillibrand,5/1/19,1.41,,,,,,,,,,,,,,,,
Marianne Williamson,5/1/19,2.61,,,,,,,,,,,,,,,,
Michael Bennet,5/1/19,,,,,,,,,,,,,,,,,
Mike Gravel,5/1/19,0.0701,,,,,,,,,,,,,,,,
Pete Buttigieg,5/1/19,0.995,,,,,,,,,,,,,,,,
Seth Moulton,5/1/19,0.138,,,,,,,,,,,,,,,,
Tim Ryan,5/1/19,0.0191,,,,,,,,,,,,,,,,
Tulsi Gabbard,5/1/19,0.343,,,,,,,,,,,,,,,,
Amy Klobuchar,5/3/19,0.688,,,,,,,,,,,,,,,,
Andrew Yang,5/3/19,0.26,,,,,,,,,,,,,,,,
Bernie Sanders,5/3/19,9.253,,,,,,,,,,,,,,,,
Beto O'Rourke,5/3/19,1.423,,,,,,,,,,,,,,,,
Cory Booker,5/3/19,4.248,,,,,,,,,,,,,,,,
Elizabeth Warren,5/3/19,4.98,,,,,,,,,,,,,,,,
Eric Swalwell,5/3/19,0.0797,,,,,,,,,,,,,,,,
Jay Inslee,5/3/19,0.0492,,,,,,,,,,,,,,,,
Joe Biden,5/3/19,3.558,,,,,,,,,,,,,,,,
John Delaney,5/3/19,0.02,,,,,,,,,,,,,,,,
John Hickenlooper,5/3/19,0.143,,,,,,,,,,,,,,,,
Julian Castro,5/3/19,0.2104,,,,,,,,,,,,,,,,
Kamala Harris,5/3/19,2.622,,,,,,,,,,,,,,,,
Kirsten Gillibrand,5/3/19,1.409,,,,,,,,,,,,,,,,
Marianne Williamson,5/3/19,2.61,,,,,,,,,,,,,,,,
Michael Bennet,5/3/19,0.0197,,,,,,,,,,,,,,,,
Mike Gravel,5/3/19,0.0708,,,,,,,,,,,,,,,,
Pete Buttigieg,5/3/19,1.006,,,,,,,,,,,,,,,,
Seth Moulton,5/3/19,0.138,,,,,,,,,,,,,,,,
Tim Ryan,5/3/19,0.0193,,,,,,,,,,,,,,,,
Tulsi Gabbard,5/3/19,0.344,,,,,,,,,,,,,,,,
Amy Klobuchar,5/9/19,0.692,,,,,,,,,,,,,,,,
Andrew Yang,5/9/19,0.263,,,,,,,,,,,,,,,,
Bernie Sanders,5/9/19,9.26,,,,,,,,,,,,,,,,
Beto O'Rourke,5/9/19,1.424,,,,,,,,,,,,,,,,
Cory Booker,5/9/19,4.249,,,,,,,,,,,,,,,,
Elizabeth Warren,5/9/19,4.99,,,,,,,,,,,,,,,,
Eric Swalwell,5/9/19,0.0825,,,,,,,,,,,,,,,,
Jay Inslee,5/9/19,0.0507,,,,,,,,,,,,,,,,
Joe Biden,5/9/19,3.559,,,,,,,,,,,,,,,,
John Delaney,5/9/19,0.02,,,,,,,,,,,,,,,,
John Hickenlooper,5/9/19,0.143,,,,,,,,,,,,,,,,
Julian Castro,5/9/19,0.212,,,,,,,,,,,,,,,,
Kamala Harris,5/9/19,2.637,,,,,,,,,,,,,,,,
Kirsten Gillibrand,5/9/19,1.41,,,,,,,,,,,,,,,,
Marianne Williamson,5/9/19,2.611,,,,,,,,,,,,,,,,
Michael Bennet,5/9/19,0.021,,,,,,,,,,,,,,,,
Mike Gravel,5/9/19,0.0749,,,,,,,,,,,,,,,,
Pete Buttigieg,5/9/19,1.025,,,,,,,,,,,,,,,,
Seth Moulton,5/9/19,0.138,,,,,,,,,,,,,,,,
Tim Ryan,5/9/19,0.0199,,,,,,,,,,,,,,,,
Tulsi Gabbard,5/9/19,0.348,,,,,,,,,,,,,,,,
Amy Klobuchar,5/12/19,0.693,,,,,,,,,,,,,,,,
Andrew Yang,5/12/19,0.266,,,,,,,,,,,,,,,,
Bernie Sanders,5/12/19,9.263,,,,,,,,,,,,,,,,
Beto O'Rourke,5/12/19,1.425,,,,,,,,,,,,,,,,
Cory Booker,5/12/19,4.249,,,,,,,,,,,,,,,,
Elizabeth Warren,5/12/19,4.995,,,,,,,,,,,,,,,,
Eric Swalwell,5/12/19,0.0833,,,,,,,,,,,,,,,,
Jay Inslee,5/12/19,0.0511,,,,,,,,,,,,,,,,
Joe Biden,5/12/19,3.561,,,,,,,,,,,,,,,,
John Delaney,5/12/19,0.0203,,,,,,,,,,,,,,,,
John Hickenlooper,5/12/19,0.143,,,,,,,,,,,,,,,,
Julian Castro,5/12/19,0.213,,,,,,,,,,,,,,,,
Kamala Harris,5/12/19,2.643,,,,,,,,,,,,,,,,
Kirsten Gillibrand,5/12/19,1.411,,,,,,,,,,,,,,,,
Marianne Williamson,5/12/19,2.611,,,,,,,,,,,,,,,,
Michael Bennet,5/12/19,0.021,,,,,,,,,,,,,,,,
Mike Gravel,5/12/19,0.0765,,,,,,,,,,,,,,,,
Pete Buttigieg,5/12/19,1.032,,,,,,,,,,,,,,,,
Seth Moulton,5/12/19,0.138,,,,,,,,,,,,,,,,
Tim Ryan,5/12/19,0.02,,,,,,,,,,,,,,,,
Tulsi Gabbard,5/12/19,0.349,,,,,,,,,,,,,,,,
Amy Klobuchar,5/14/19,0.694,,,,,,,,,,,,,,,,
Andrew Yang,5/14/19,0.268,,,,,,,,,,,,,,,,
Bernie Sanders,5/14/19,9.266,,,,,,,,,,,,,,,,
Beto O'Rourke,5/14/19,1.426,,,,,,,,,,,,,,,,
Cory Booker,5/14/19,4.248,,,,,,,,,,,,,,,,
Elizabeth Warren,5/14/19,5,,,,,,,,,,,,,,,,
Eric Swalwell,5/14/19,0.0842,,,,,,,,,,,,,,,,
Jay Inslee,5/14/19,0.0518,,,,,,,,,,,,,,,,
Joe Biden,5/14/19,3.564,,,,,,,,,,,,,,,,
John Delaney,5/14/19,0.0203,,,,,,,,,,,,,,,,
John Hickenlooper,5/14/19,0.143,,,,,,,,,,,,,,,,
Julian Castro,5/14/19,0.213,,,,,,,,,,,,,,,,
Kamala Harris,5/14/19,2.648,,,,,,,,,,,,,,,,
Kirsten Gillibrand,5/14/19,1.411,,,,,,,,,,,,,,,,
Marianne Williamson,5/14/19,2.611,,,,,,,,,,,,,,,,
Michael Bennet,5/14/19,0.0211,,,,,,,,,,,,,,,,
Mike Gravel,5/14/19,0.0785,,,,,,,,,,,,,,,,
Pete Buttigieg,5/14/19,1.04,,,,,,,,,,,,,,,,
Seth Moulton,5/14/19,0.139,,,,,,,,,,,,,,,,
Steve Bullock,5/15/19,0.17,,,,,,,,,,,,,,,,
Tim Ryan,5/14/19,0.0202,,,,,,,,,,,,,,,,
Tulsi Gabbard,5/14/19,0.353,,,,,,,,,,,,,,,,
Amy Klobuchar,5/22/19,0.697,,,,,,,,,,,,,,,,
Andrew Yang,5/22/19,0.274,,,,,,,,,,,,,,,,
Bernie Sanders,5/22/19,9.284,,,,,,,,,,,,,,,,
Beto O'Rourke,5/22/19,1.429,,,,,,,,,,,,,,,,
Bill De Blasio,5/22/19,0.154,,,,,,,,,,,,,,,,
Cory Booker,5/22/19,4.25,,,,,,,,,,,,,,,,
Elizabeth Warren,5/22/19,5.019,,,,,,,,,,,,,,,,
Eric Swalwell,5/22/19,0.0862,,,,,,,,,,,,,,,,
Jay Inslee,5/22/19,0.0557,,,,,,,,,,,,,,,,
Joe Biden,5/22/19,3.574,,,,,,,,,,,,,,,,
John Delaney,5/22/19,0.0207,,,,,,,,,,,,,,,,
John Hickenlooper,5/22/19,0.144,,,,,,,,,,,,,,,,
Julian Castro,5/22/19,0.214,,,,,,,,,,,,,,,,
Kamala Harris,5/22/19,2.666,,,,,,,,,,,,,,,,
Kirsten Gillibrand,5/22/19,1.415,,,,,,,,,,,,,,,,
Marianne Williamson,5/22/19,2.611,,,,,,,,,,,,,,,,
Michael Bennet,5/22/19,0.0214,,,,,,,,,,,,,,,,
Mike Gravel,5/22/19,0.0819,,,,,,,,,,,,,,,,
Pete Buttigieg,5/22/19,1.072,,,,,,,,,,,,,,,,
Seth Moulton,5/22/19,0.139,,,,,,,,,,,,,,,,
Steve Bullock,5/22/19,0.172,,,,,,,,,,,,,,,,
Tim Ryan,5/22/19,0.0205,,,,,,,,,,,,,,,,
Tulsi Gabbard,5/22/19,0.363,,,,,,,,,,,,,,,,
Amy Klobuchar,6/2/19,0.701,,,,,,,,,,,,,,,,
Andrew Yang,6/2/19,0.288,,,,,,,,,,,,,,,,
Bernie Sanders,6/2/19,9.3,,,,,,,,,,,,,,,,
Beto O'Rourke,6/2/19,1.432,,,,,,,,,,,,,,,,
Bill De Blasio,6/2/19,0.155,,,,,,,,,,,,,,,,
Cory Booker,6/2/19,4.253,,,,,,,,,,,,,,,,
Elizabeth Warren,6/2/19,5.043,,,,,,,,,,,,,,,,
Eric Swalwell,6/2/19,0.0891,,,,,,,,,,,,,,,,
Jay Inslee,6/2/19,0.0591,,,,,,,,,,,,,,,,
Joe Biden,6/2/19,3.586,,,,,,,,,,,,,,,,
John Delaney,6/2/19,0.0211,,,,,,,,,,,,,,,,
John Hickenlooper,6/2/19,0.145,,,,,,,,,,,,,,,,
Julian Castro,6/2/19,0.216,,,,,,,,,,,,,,,,
Kamala Harris,6/2/19,2.688,,,,,,,,,,,,,,,,
Kirsten Gillibrand,6/2/19,1.419,,,,,,,,,,,,,,,,
Marianne Williamson,6/2/19,2.613,,,,,,,,,,,,,,,,
Michael Bennet,6/2/19,0.0222,,,,,,,,,,,,,,,,
Mike Gravel,6/2/19,0.0888,,,,,,,,,,,,,,,,
Pete Buttigieg,6/2/19,1.11,,,,,,,,,,,,,,,,
Seth Moulton,6/2/19,0.141,,,,,,,,,,,,,,,,
Steve Bullock,6/2/19,0.174,,,,,,,,,,,,,,,,
Tim Ryan,6/2/19,0.021,,,,,,,,,,,,,,,,
Tulsi Gabbard,6/2/19,0.37,,,,,,,,,,,,,,,,
Amy Klobuchar,6/7/19,0.702,,,,,,,,,,,,,,,,
Andrew Yang,6/7/19,0.293,,,,,,,,,,,,,,,,
Bernie Sanders,6/7/19,9.307,,,,,,,,,,,,,,,,
Beto O'Rourke,6/7/19,1.432,,,,,,,,,,,,,,,,
Bill De Blasio,6/7/19,0.156,,,,,,,,,,,,,,,,
Cory Booker,6/7/19,4.254,,,,,,,,,,,,,,,,
Elizabeth Warren,6/7/19,5.051,,,,,,,,,,,,,,,,
Eric Swalwell,6/7/19,0.0902,,,,,,,,,,,,,,,,
Jay Inslee,6/7/19,0.0614,,,,,,,,,,,,,,,,
Joe Biden,6/7/19,3.589,,,,,,,,,,,,,,,,
John Delaney,6/7/19,0.0216,,,,,,,,,,,,,,,,
John Hickenlooper,6/7/19,0.145,,,,,,,,,,,,,,,,
Julian Castro,6/7/19,0.217,,,,,,,,,,,,,,,,
Kamala Harris,6/7/19,2.695,,,,,,,,,,,,,,,,
Kirsten Gillibrand,6/7/19,1.421,,,,,,,,,,,,,,,,
Marianne Williamson,6/7/19,2.613,,,,,,,,,,,,,,,,
Michael Bennet,6/7/19,0.0225,,,,,,,,,,,,,,,,
Mike Gravel,6/7/19,0.0914,,,,,,,,,,,,,,,,
Pete Buttigieg,6/7/19,1.12,,,,,,,,,,,,,,,,
Seth Moulton,6/7/19,0.142,,,,,,,,,,,,,,,,
Steve Bullock,6/7/19,0.174,,,,,,,,,,,,,,,,
Tim Ryan,6/7/19,0.0213,,,,,,,,,,,,,,,,
Tulsi Gabbard,6/7/19,0.373,,,,,,,,,,,,,,,,
Amy Klobuchar,6/14/19,0.704,,,,,,,,,,,,,,,,
Andrew Yang,6/14/19,0.306,,,,,,,,,,,,,,,,
Bernie Sanders,6/14/19,9.314,,,,,,,,,,,,,,,,
Beto O'Rourke,6/14/19,1.432,,,,,,,,,,,,,,,,
Bill De Blasio,6/14/19,0.156,,,,,,,,,,,,,,,,
Cory Booker,6/14/19,4.255,,,,,,,,,,,,,,,,
Elizabeth Warren,6/14/19,5.063,,,,,,,,,,,,,,,,
Eric Swalwell,6/14/19,0.0914,,,,,,,,,,,,,,,,
Jay Inslee,6/14/19,0.0629,,,,,,,,,,,,,,,,
Joe Biden,6/14/19,3.598,,,,,,,,,,,,,,,,
John Delaney,6/14/19,0.022,,,,,,,,,,,,,,,,
John Hickenlooper,6/14/19,0.146,,,,,,,,,,,,,,,,
Julian Castro,6/14/19,0.218,,,,,,,,,,,,,,,,
Kamala Harris,6/14/19,2.705,,,,,,,,,,,,,,,,
Kirsten Gillibrand,6/14/19,1.424,,,,,,,,,,,,,,,,
Marianne Williamson,6/14/19,2.615,,,,,,,,,,,,,,,,
Michael Bennet,6/14/19,0.0229,,,,,,,,,,,,,,,,
Mike Gravel,6/14/19,0.0958,,,,,,,,,,,,,,,,
Pete Buttigieg,6/14/19,1.133,,,,,,,,,,,,,,,,
Seth Moulton,6/14/19,0.143,,,,,,,,,,,,,,,,
Steve Bullock,6/14/19,0.175,,,,,,,,,,,,,,,,
Tim Ryan,6/14/19,0.0216,,,,,,,,,,,,,,,,
Tulsi Gabbard,6/14/19,0.376,,,,,,,,,,,,,,,,
Amy Klobuchar,6/21/19,0.705,,,,,,,,,,,,,,,,
Andrew Yang,6/21/19,0.314,,,,,,,,,,,,,,,,
Bernie Sanders,6/21/19,9.322,,,,,,,,,,,,,,,,
Beto O'Rourke,6/21/19,1.433,,,,,,,,,,,,,,,,
Bill De Blasio,6/21/19,0.157,,,,,,,,,,,,,,,,
Cory Booker,6/21/19,4.259,,,,,,,,,,,,,,,,
Elizabeth Warren,6/21/19,5.075,,,,,,,,,,,,,,,,
Eric Swalwell,6/21/19,0.0925,,,,,,,,,,,,,,,,
Jay Inslee,6/21/19,0.0643,,,,,,,,,,,,,,,,
Joe Biden,6/21/19,3.602,,,,,,,,,,,,,,,,
John Delaney,6/21/19,0.0223,,,,,,,,,,,,,,,,
John Hickenlooper,6/21/19,0.146,,,,,,,,,,,,,,,,
Julian Castro,6/21/19,0.22,,,,,,,,,,,,,,,,
Kamala Harris,6/21/19,2.715,,,,,,,,,,,,,,,,
Kirsten Gillibrand,6/21/19,1.425,,,,,,,,,,,,,,,,
Marianne Williamson,6/21/19,2.616,,,,,,,,,,,,,,,,
Michael Bennet,6/21/19,0.0231,,,,,,,,,,,,,,,,
Mike Gravel,6/21/19,0.0985,,,,,,,,,,,,,,,,
Pete Buttigieg,6/21/19,1.147,,,,,,,,,,,,,,,,
Seth Moulton,6/21/19,0.143,,,,,,,,,,,,,,,,
Steve Bullock,6/21/19,0.175,,,,,,,,,,,,,,,,
Tim Ryan,6/21/19,0.0219,,,,,,,,,,,,,,,,
Tulsi Gabbard,6/21/19,0.379,,,,,,,,,,,,,,,,
Amy Klobuchar,6/25/19,0.706,,,,,,,,,,,,,,,,
Andrew Yang,6/25/19,0.336,,,,,,,,,,,,,,,,
Bernie Sanders,6/25/19,9.332,,,,,,,,,,,,,,,,
Beto O'Rourke,6/25/19,1.433,,,,,,,,,,,,,,,,
Bill De Blasio,6/25/19,0.157,,,,,,,,,,,,,,,,
Cory Booker,6/25/19,4.259,,,,,,,,,,,,,,,,
Elizabeth Warren,6/25/19,5.083,,,,,,,,,,,,,,,,
Eric Swalwell,6/25/19,0.0933,,,,,,,,,,,,,,,,
Jay Inslee,6/25/19,0.0652,,,,,,,,,,,,,,,,
Joe Biden,6/25/19,3.604,,,,,,,,,,,,,,,,
John Delaney,6/25/19,0.0224,,,,,,,,,,,,,,,,
John Hickenlooper,6/25/19,0.146,,,,,,,,,,,,,,,,
Julian Castro,6/25/19,0.221,,,,,,,,,,,,,,,,
Kamala Harris,6/25/19,2.723,,,,,,,,,,,,,,,,
Kirsten Gillibrand,6/25/19,1.427,,,,,,,,,,,,,,,,
Marianne Williamson,6/25/19,2.616,,,,,,,,,,,,,,,,
Michael Bennet,6/25/19,0.0232,,,,,,,,,,,,,,,,
Mike Gravel,6/25/19,0.0994,,,,,,,,,,,,,,,,
Pete Buttigieg,6/25/19,1.153,,,,,,,,,,,,,,,,
Seth Moulton,6/25/19,0.143,,,,,,,,,,,,,,,,
Steve Bullock,6/25/19,0.175,,,,,,,,,,,,,,,,
Tim Ryan,6/25/19,0.0223,,,,,,,,,,,,,,,,
Tulsi Gabbard,6/25/19,0.381,,,,,,,,,,,,,,,,
Amy Klobuchar,27-Jun,0.712,,,,,,,,,,,,,,,,
Beto O'Rourke,27-Jun,1.436,,,,,,,,,,,,,,,,
Bill De Blasio,27-Jun,0.16,,,,,,,,,,,,,,,,
Cory Booker,27-Jun,4.269,,,,,,,,,,,,,,,,
Elizabeth Warren,27-Jun,5.093,,,,,,,,,,,,,,,,
Jay Inslee,27-Jun,0.0695,,,,,,,,,,,,,,,,
John Delaney,27-Jun,0.0247,,,,,,,,,,,,,,,,
Julian Castro,27-Jun,0.269,,,,,,,,,,,,,,,,
Tim Ryan,27-Jun,0.0237,,,,,,,,,,,,,,,,
Tulsi Gabbard,27-Jun,0.398,,,,,,,,,,,,,,,,
Amy Klobuchar,28-Jun,0.715,,,,,,,,,,,,,,,,
Beto O'Rourke,28-Jun,1.437,,,,,,,,,,,,,,,,
Bill De Blasio,28-Jun,0.161,,,,,,,,,,,,,,,,
Cory Booker,28-Jun,4.275,,,,,,,,,,,,,,,,
Elizabeth Warren,28-Jun,5.106,,,,,,,,,,,,,,,,
Jay Inslee,28-Jun,0.0709,,,,,,,,,,,,,,,,
John Delaney,28-Jun,0.0256,,,,,,,,,,,,,,,,
Julian Castro,28-Jun,0.302,,,,,,,,,,,,,,,,
Tim Ryan,28-Jun,0.0242,,,,,,,,,,,,,,,,
Tulsi Gabbard,28-Jun,0.411,,,,,,,,,,,,,,,,
Amy Klobuchar,29-Jun,0.717,,,,,,,,,,,,,,,,
Beto O'Rourke,29-Jun,1.438,,,,,,,,,,,,,,,,
Bill De Blasio,29-Jun,0.162,,,,,,,,,,,,,,,,
Cory Booker,29-Jun,4.278,,,,,,,,,,,,,,,,
Elizabeth Warren,29-Jun,5.111,,,,,,,,,,,,,,,,
Jay Inslee,29-Jun,0.0714,,,,,,,,,,,,,,,,
John Delaney,29-Jun,0.0259,,,,,,,,,,,,,,,,
Julian Castro,29-Jun,0.309,,,,,,,,,,,,,,,,
Tim Ryan,29-Jun,0.0243,,,,,,,,,,,,,,,,
Tulsi Gabbard,29-Jun,0.416,,,,,,,,,,,,,,,,
Amy Klobuchar,30-Jun,0.718,,,,,,,,,,,,,,,,
Beto O'Rourke,30-Jun,1.438,,,,,,,,,,,,,,,,
Bill De Blasio,30-Jun,0.162,,,,,,,,,,,,,,,,
Cory Booker,30-Jun,4.286,,,,,,,,,,,,,,,,
Elizabeth Warren,30-Jun,5.116,,,,,,,,,,,,,,,,
Jay Inslee,30-Jun,0.0727,,,,,,,,,,,,,,,,
John Delaney,30-Jun,0.0262,,,,,,,,,,,,,,,,
Julian Castro,30-Jun,0.312,,,,,,,,,,,,,,,,
Tim Ryan,30-Jun,0.0245,,,,,,,,,,,,,,,,
Tulsi Gabbard,30-Jun,0.419,,,,,,,,,,,,,,,,
Andrew Yang,25-Jun,0.336,,,,,,,,,,,,,,,,
Bernie Sanders,25-Jun,9.332,,,,,,,,,,,,,,,,
Eric Swalwell,25-Jun,0.0933,,,,,,,,,,,,,,,,
Joe Biden,25-Jun,3.604,,,,,,,,,,,,,,,,
John Hickenlooper,25-Jun,0.146,,,,,,,,,,,,,,,,
Kamala Harris,25-Jun,2.723,,,,,,,,,,,,,,,,
Kirsten Gillibrand,25-Jun,1.427,,,,,,,,,,,,,,,,
Marianne Williamson,25-Jun,2.616,,,,,,,,,,,,,,,,
Michael Bennet,25-Jun,0.0232,,,,,,,,,,,,,,,,
Pete Buttigieg,25-Jun,1.153,,,,,,,,,,,,,,,,
Andrew Yang,27-Jun,0.402,,,,,,,,,,,,,,,,
Bernie Sanders,27-Jun,9.34,,,,,,,,,,,,,,,,
Eric Swalwell,27-Jun,0.0939,,,,,,,,,,,,,,,,
Joe Biden,27-Jun,3.607,,,,,,,,,,,,,,,,
John Hickenlooper,27-Jun,0.147,,,,,,,,,,,,,,,,
Kamala Harris,27-Jun,2.729,,,,,,,,,,,,,,,,
Kirsten Gillibrand,27-Jun,1.428,,,,,,,,,,,,,,,,
Marianne Williamson,27-Jun,2.621,,,,,,,,,,,,,,,,
Michael Bennet,27-Jun,0.0234,,,,,,,,,,,,,,,,
Pete Buttigieg,27-Jun,1.159,,,,,,,,,,,,,,,,
Andrew Yang,28-Jun,0.454,,,,,,,,,,,,,,,,
Bernie Sanders,28-Jun,9.349,,,,,,,,,,,,,,,,
Eric Swalwell,28-Jun,0.0961,,,,,,,,,,,,,,,,
Joe Biden,28-Jun,3.611,,,,,,,,,,,,,,,,
John Hickenlooper,28-Jun,0.148,,,,,,,,,,,,,,,,
Kamala Harris,28-Jun,2.795,,,,,,,,,,,,,,,,
Kirsten Gillibrand,28-Jun,1.432,,,,,,,,,,,,,,,,
Marianne Williamson,28-Jun,2.657,,,,,,,,,,,,,,,,
Michael Bennet,28-Jun,0.0247,,,,,,,,,,,,,,,,
Pete Buttigieg,28-Jun,1.204,,,,,,,,,,,,,,,,
Andrew Yang,29-Jun,0.484,,,,,,,,,,,,,,,,
Bernie Sanders,29-Jun,9.353,,,,,,,,,,,,,,,,
Eric Swalwell,29-Jun,0.0966,,,,,,,,,,,,,,,,
Joe Biden,29-Jun,3.613,,,,,,,,,,,,,,,,
John Hickenlooper,29-Jun,0.149,,,,,,,,,,,,,,,,
Kamala Harris,29-Jun,2.813,,,,,,,,,,,,,,,,
Kirsten Gillibrand,29-Jun,1.434,,,,,,,,,,,,,,,,
Marianne Williamson,29-Jun,2.671,,,,,,,,,,,,,,,,
Michael Bennet,29-Jun,0.025,,,,,,,,,,,,,,,,
Pete Buttigieg,29-Jun,1.216,,,,,,,,,,,,,,,,
Andrew Yang,30-Jun,0.495,,,,,,,,,,,,,,,,
Bernie Sanders,30-Jun,9.357,,,,,,,,,,,,,,,,
Eric Swalwell,30-Jun,0.0969,,,,,,,,,,,,,,,,
Joe Biden,30-Jun,3.615,,,,,,,,,,,,,,,,
John Hickenlooper,30-Jun,0.149,,,,,,,,,,,,,,,,
Kamala Harris,30-Jun,2.831,,,,,,,,,,,,,,,,
Kirsten Gillibrand,30-Jun,1.435,,,,,,,,,,,,,,,,
Marianne Williamson,30-Jun,2.675,,,,,,,,,,,,,,,,
Michael Bennet,30-Jun,0.0251,,,,,,,,,,,,,,,,
Pete Buttigieg,30-Jun,1.225,,,,,,,,,,,,,,,,
Amy Klobuchar,7-Jul,0.724,,,43653,,,,,,,,,,,,,
Andrew Yang,7-Jul,0.523,,,,,,,,,,,,,,,,
Bernie Sanders,7-Jul,9.372,,,,,,,,,,,,,,,,
Beto O'Rourke,7-Jul,1.438,,,,,,,,,,,,,,,,
Bill De Blasio,7-Jul,0.162,,,,,,,,,,,,,,,,
Cory Booker,7-Jul,4.295,,,,,,,,,,,,,,,,
Elizabeth Warren,7-Jul,5.143,,,,,,,,,,,,,,,,
Eric Swalwell,7-Jul,0.0985,,,,,,,,,,,,,,,,
Jay Inslee,7-Jul,0.074,,,,,,,,,,,,,,,,
Joe Biden,7-Jul,3.619,,,,,,,,,,,,,,,,
John Delaney,7-Jul,0.0266,,,,,,,,,,,,,,,,
John Hickenlooper,7-Jul,0.15,,,,,,,,,,,,,,,,
Julian Castro,7-Jul,0.324,,,,,,,,,,,,,,,,
Kamala Harris,7-Jul,2.889,,,,,,,,,,,,,,,,
Kirsten Gillibrand,7-Jul,1.439,,,,,,,,,,,,,,,,
Marianne Williamson,7-Jul,2.696,,,,,,,,,,,,,,,,
Michael Bennet,7-Jul,0.0255,,,,,,,,,,,,,,,,
Mike Gravel,7-Jul,0.116,,,,,,,,,,,,,,,,
Pete Buttigieg,7-Jul,1.253,,,,,,,,,,,,,,,,
Seth Moulton,7-Jul,0.143,,,,,,,,,,,,,,,,
Steve Bullock,7-Jul,0.177,,,,,,,,,,,,,,,,
Tim Ryan,7-Jul,0.0257,,,,,,,,,,,,,,,,
Tulsi Gabbard,7-Jul,0.426,,,,,,,,,,,,,,,,
Amy Klobuchar,12-Jul,0.727,,,,,,,,,,,,,,,,
Andrew Yang,12-Jul,0.524,,,,,,,,,,,,,,,,
Bernie Sanders,12-Jul,9.381,,,,,,,,,,,,,,,,
Beto O'Rourke,12-Jul,1.437,,,,,,,,,,,,,,,,
Bill De Blasio,12-Jul,0.163,,,,,,,,,,,,,,,,
Cory Booker,12-Jul,4.298,,,,,,,,,,,,,,,,
Elizabeth Warren,12-Jul,5.158,,,,,,,,,,,,,,,,
Jay Inslee,12-Jul,0.0746,,,,,,,,,,,,,,,,
Joe Biden,12-Jul,3.619,,,,,,,,,,,,,,,,
John Delaney,12-Jul,0.0269,,,,,,,,,,,,,,,,
John Hickenlooper,12-Jul,0.15,,,,,,,,,,,,,,,,
Julian Castro,12-Jul,0.326,,,,,,,,,,,,,,,,
Kamala Harris,12-Jul,2.911,,,,,,,,,,,,,,,,
Kirsten Gillibrand,12-Jul,1.441,,,,,,,,,,,,,,,,
Marianne Williamson,12-Jul,2.701,,,,,,,,,,,,,,,,
Michael Bennet,12-Jul,0.026,,,,,,,,,,,,,,,,
Mike Gravel,12-Jul,0.119,,,,,,,,,,,,,,,,
Pete Buttigieg,12-Jul,1.264,,,,,,,,,,,,,,,,
Seth Moulton,12-Jul,0.144,,,,,,,,,,,,,,,,
Steve Bullock,12-Jul,0.177,,,,,,,,,,,,,,,,
Tim Ryan,12-Jul,0.0259,,,,,,,,,,,,,,,,
Tom Steyer,12-Jul,0.24,,,,,,,,,,,,,,,,
Tulsi Gabbard,12-Jul,0.43,,,,,,,,,,,,,,,,
Amy Klobuchar,7/19/19,0.73,,,,,,,,,,,,,,,,
Andrew Yang,7/19/19,0.529,,,,,,,,,,,,,,,,
Bernie Sanders,7/19/19,9.404,,,,,,,,,,,,,,,,
Beto O'Rourke,7/19/19,1.44,,,,,,,,,,,,,,,,
Bill De Blasio,7/19/19,0.163,,,,,,,,,,,,,,,,
Cory Booker,7/19/19,4.301,,,,,,,,,,,,,,,,
Elizabeth Warren,7/19/19,5.185,,,,,,,,,,,,,,,,
Jay Inslee,7/19/19,0.0755,,,,,,,,,,,,,,,,
Joe Biden,7/19/19,3.625,,,,,,,,,,,,,,,,
John Delaney,7/19/19,0.0273,,,,,,,,,,,,,,,,
John Hickenlooper,7/19/19,0.15,,,,,,,,,,,,,,,,
Julian Castro,7/19/19,0.329,,,,,,,,,,,,,,,,
Kamala Harris,7/19/19,2.957,,,,,,,,,,,,,,,,
Kirsten Gillibrand,7/19/19,1.446,,,,,,,,,,,,,,,,
Marianne Williamson,7/19/19,2.706,,,,,,,,,,,,,,,,
Michael Bennet,7/19/19,0.0265,,,,,,,,,,,,,,,,
Mike Gravel,7/19/19,0.124,,,,,,,,,,,,,,,,
Pete Buttigieg,7/19/19,1.28,,,,,,,,,,,,,,,,
Seth Moulton,7/19/19,0.144,,,,,,,,,,,,,,,,
Steve Bullock,7/19/19,0.178,,,,,,,,,,,,,,,,
Tim Ryan,7/19/19,0.0262,,,,,,,,,,,,,,,,
Tom Steyer,7/19/19,0.241,,,,,,,,,,,,,,,,
Tulsi Gabbard,7/19/19,0.434,,,,,,,,,,,,,,,,
Amy Klobuchar,7/29/19,0.733,,,,,,,,,,,,,,,,
Andrew Yang,7/29/19,0.538,,,,,,,,,,,,,,,,
Bernie Sanders,7/29/19,9.424,,,,,,,,,,,,,,,,
Beto O'Rourke,7/29/19,1.442,,,,,,,,,,,,,,,,
Bill De Blasio,7/29/19,0.165,,,,,,,,,,,,,,,,
Cory Booker,7/29/19,4.305,,,,,,,,,,,,,,,,
Elizabeth Warren,7/29/19,5.205,,,,,,,,,,,,,,,,
Jay Inslee,7/29/19,0.0764,,,,,,,,,,,,,,,,
Joe Biden,7/29/19,3.632,,,,,,,,,,,,,,,,
John Delaney,7/29/19,0.0278,,,,,,,,,,,,,,,,
John Hickenlooper,7/29/19,0.151,,,,,,,,,,,,,,,,
Julian Castro,7/29/19,0.332,,,,,,,,,,,,,,,,
Kamala Harris,7/29/19,2.99,,,,,,,,,,,,,,,,
Kirsten Gillibrand,7/29/19,1.449,,,,,,,,,,,,,,,,
Marianne Williamson,7/29/19,2.713,,,,,,,,,,,,,,,,
Michael Bennet,7/29/19,0.0287,,,,,,,,,,,,,,,,
Mike Gravel,7/29/19,0.126,,,,,,,,,,,,,,,,
Pete Buttigieg,7/29/19,1.288,,,,,,,,,,,,,,,,
Seth Moulton,7/29/19,0.147,,,,,,,,,,,,,,,,
Steve Bullock,7/29/19,0.179,,,,,,,,,,,,,,,,
Tim Ryan,7/29/19,0.0266,,,,,,,,,,,,,,,,
Tom Steyer,7/29/19,0.241,,,,,,,,,,,,,,,,
Tulsi Gabbard,7/29/19,0.442,,,,,,,,,,,,,,,,
Amy Klobuchar,8/1/19,0.736,,,,,,,,,,,,,,,,
Andrew Yang,8/1/19,0.575,,,,,,,,,,,,,,,,
Bernie Sanders,8/1/19,9.443,,,,,,,,,,,,,,,,
Beto O'Rourke,8/1/19,1.445,,,,,,,,,,,,,,,,
Bill De Blasio,8/1/19,0.166,,,,,,,,,,,,,,,,
Cory Booker,8/1/19,4.312,,,,,,,,,,,,,,,,
Elizabeth Warren,8/1/19,5.217,,,,,,,,,,,,,,,,
Jay Inslee,8/1/19,0.0826,,,,,,,,,,,,,,,,
Joe Biden,8/1/19,3.639,,,,,,,,,,,,,,,,
John Delaney,8/1/19,0.0318,,,,,,,,,,,,,,,,
John Hickenlooper,8/1/19,0.153,,,,,,,,,,,,,,,,
Julian Castro,8/1/19,0.34,,,,,,,,,,,,,,,,
Kamala Harris,8/1/19,3.005,,,,,,,,,,,,,,,,
Kirsten Gillibrand,8/1/19,1.453,,,,,,,,,,,,,,,,
Marianne Williamson,8/1/19,2.742,,,,,,,,,,,,,,,,
Michael Bennet,8/1/19,0.0315,,,,,,,,,,,,,,,,
Mike Gravel,8/1/19,0.129,,,,,,,,,,,,,,,,
Pete Buttigieg,8/1/19,1.308,,,,,,,,,,,,,,,,
Seth Moulton,8/1/19,0.147,,,,,,,,,,,,,,,,
Steve Bullock,8/1/19,0.182,,,,,,,,,,,,,,,,
Tim Ryan,8/1/19,0.0281,,,,,,,,,,,,,,,,
Tom Steyer,8/1/19,0.242,,,,,,,,,,,,,,,,
Tulsi Gabbard,8/1/19,0.477,,,,,,,,,,,,,,,,
Amy Klobuchar,8/2/19,0.737,,,,,,,,,,,,,,,,
Andrew Yang,8/2/19,0.592,,,,,,,,,,,,,,,,
Bernie Sanders,8/2/19,9.447,,,,,,,,,,,,,,,,
Beto O'Rourke,8/2/19,1.445,,,,,,,,,,,,,,,,
Bill De Blasio,8/2/19,0.166,,,,,,,,,,,,,,,,
Cory Booker,8/2/19,4.314,,,,,,,,,,,,,,,,
Elizabeth Warren,8/2/19,5.221,,,,,,,,,,,,,,,,
Jay Inslee,8/2/19,0.0858,,,,,,,,,,,,,,,,
Joe Biden,8/2/19,3.641,,,,,,,,,,,,,,,,
John Delaney,8/2/19,0.0325,,,,,,,,,,,,,,,,
John Hickenlooper,8/2/19,0.153,,,,,,,,,,,,,,,,
Julian Castro,8/2/19,0.343,,,,,,,,,,,,,,,,
Kamala Harris,8/2/19,3.008,,,,,,,,,,,,,,,,
Kirsten Gillibrand,8/2/19,1.454,,,,,,,,,,,,,,,,
Marianne Williamson,8/2/19,2.745,,,,,,,,,,,,,,,,
Michael Bennet,8/2/19,0.0322,,,,,,,,,,,,,,,,
Mike Gravel,8/2/19,0.129,,,,,,,,,,,,,,,,
Pete Buttigieg,8/2/19,1.312,,,,,,,,,,,,,,,,
Seth Moulton,8/2/19,0.147,,,,,,,,,,,,,,,,
Steve Bullock,8/2/19,0.182,,,,,,,,,,,,,,,,
Tim Ryan,8/2/19,0.0283,,,,,,,,,,,,,,,,
Tom Steyer,8/2/19,0.242,,,,,,,,,,,,,,,,
Tulsi Gabbard,8/2/19,0.503,,,,,,,,,,,,,,,,
Amy Klobuchar,8/5/19,0.74,,,,,,,,,,,,,,,,
Andrew Yang,8/5/19,0.608,,,,,,,,,,,,,,,,
Bernie Sanders,8/5/19,9.468,,,,,,,,,,,,,,,,
Beto O'Rourke,8/5/19,1.473,,,,,,,,,,,,,,,,
Bill De Blasio,8/5/19,0.166,,,,,,,,,,,,,,,,
Cory Booker,8/5/19,4.323,,,,,,,,,,,,,,,,
Elizabeth Warren,8/5/19,5.231,,,,,,,,,,,,,,,,
Jay Inslee,8/5/19,0.0904,,,,,,,,,,,,,,,,
Joe Biden,8/5/19,3.651,,,,,,,,,,,,,,,,
John Delaney,8/5/19,0.0338,,,,,,,,,,,,,,,,
John Hickenlooper,8/5/19,0.154,,,,,,,,,,,,,,,,
Julian Castro,8/5/19,0.348,,,,,,,,,,,,,,,,
Kamala Harris,8/5/19,3.021,,,,,,,,,,,,,,,,
Kirsten Gillibrand,8/5/19,1.456,,,,,,,,,,,,,,,,
Marianne Williamson,8/5/19,2.753,,,,,,,,,,,,,,,,
Michael Bennet,8/5/19,0.0327,,,,,,,,,,,,,,,,
Mike Gravel,8/5/19,0.13,,,,,,,,,,,,,,,,
Pete Buttigieg,8/5/19,1.336,,,,,,,,,,,,,,,,
Seth Moulton,8/5/19,0.147,,,,,,,,,,,,,,,,
Steve Bullock,8/5/19,0.183,,,,,,,,,,,,,,,,
Tim Ryan,8/5/19,0.0328,,,,,,,,,,,,,,,,
Tom Steyer,8/5/19,0.243,,,,,,,,,,,,,,,,
Tulsi Gabbard,8/5/19,0.516,,,,,,,,,,,,,,,,
Amy Klobuchar,8/14/19,0.745,,,,,,,,,,,,,,,,
Andrew Yang,8/14/19,0.68,,,,,,,,,,,,,,,,
Bernie Sanders,8/14/19,9.535,,,,,,,,,,,,,,,,
Beto O'Rourke,8/14/19,1.539,,,,,,,,,,,,,,,,
Bill De Blasio,8/14/19,0.167,,,,,,,,,,,,,,,,
Cory Booker,8/14/19,4.334,,,,,,,,,,,,,,,,
Elizabeth Warren,8/14/19,5.255,,,,,,,,,,,,,,,,
Jay Inslee,8/14/19,0.0945,,,,,,,,,,,,,,,,
Joe Biden,8/14/19,3.673,,,,,,,,,,,,,,,,
John Delaney,8/14/19,0.0347,,,,,,,,,,,,,,,,
John Hickenlooper,8/14/19,0.155,,,,,,,,,,,,,,,,
Julian Castro,8/14/19,0.365,,,,,,,,,,,,,,,,
Kamala Harris,8/14/19,3.048,,,,,,,,,,,,,,,,
Kirsten Gillibrand,8/14/19,1.46,,,,,,,,,,,,,,,,
Marianne Williamson,8/14/19,2.757,,,,,,,,,,,,,,,,
Michael Bennet,8/14/19,0.037,,,,,,,,,,,,,,,,
Pete Buttigieg,8/14/19,1.369,,,,,,,,,,,,,,,,
Seth Moulton,8/14/19,0.147,,,,,,,,,,,,,,,,
Steve Bullock,8/14/19,0.184,,,,,,,,,,,,,,,,
Tim Ryan,8/14/19,0.0356,,,,,,,,,,,,,,,,
Tom Steyer,8/14/19,0.244,,,,,,,,,,,,,,,,
Tulsi Gabbard,8/14/19,0.532,,,,,,,,,,,,,,,,
Amy Klobuchar,8/20/19,0.748,,,,,,,,,,,,,,,,
Andrew Yang,8/20/19,0.706,,,,,,,,,,,,,,,,
Bernie Sanders,8/20/19,9.568,,,,,,,,,,,,,,,,
Beto O'Rourke,8/20/19,1.549,,,,,,,,,,,,,,,,
Bill De Blasio,8/20/19,0.168,,,,,,,,,,,,,,,,
Cory Booker,8/20/19,4.339,,,,,,,,,,,,,,,,
Elizabeth Warren,8/20/19,5.27,,,,,,,,,,,,,,,,
Jay Inslee,8/20/19,0.0969,,,,,,,,,,,,,,,,
Joe Biden,8/20/19,3.684,,,,,,,,,,,,,,,,
John Delaney,8/20/19,0.0352,,,,,,,,,,,,,,,,
Julian Castro,8/20/19,0.371,,,,,,,,,,,,,,,,
Kamala Harris,8/20/19,3.063,,,,,,,,,,,,,,,,
Kirsten Gillibrand,8/20/19,1.461,,,,,,,,,,,,,,,,
Marianne Williamson,8/20/19,2.759,,,,,,,,,,,,,,,,
Michael Bennet,8/20/19,0.0379,,,,,,,,,,,,,,,,
Pete Buttigieg,8/20/19,1.38,,,,,,,,,,,,,,,,
Seth Moulton,8/20/19,0.147,,,,,,,,,,,,,,,,
Steve Bullock,8/20/19,0.184,,,,,,,,,,,,,,,,
Tim Ryan,8/20/19,0.0364,,,,,,,,,,,,,,,,
Tom Steyer,8/20/19,0.244,,,,,,,,,,,,,,,,
Tulsi Gabbard,8/20/19,0.536,,,,,,,,,,,,,,,,
Amy Klobuchar,9/5/19,0.757,,,,,,,,,,,,,,,,
Andrew Yang,9/5/19,0.756,,,,,,,,,,,,,,,,
Bernie Sanders,9/5/19,9.631,,,,,,,,,,,,,,,,
Beto O'Rourke,9/5/19,1.571,,,,,,,,,,,,,,,,
Bill De Blasio,9/5/19,0.168,,,,,,,,,,,,,,,,
Cory Booker,9/5/19,4.347,,,,,,,,,,,,,,,,
Elizabeth Warren,9/5/19,5.306,,,,,,,,,,,,,,,,
Joe Biden,9/5/19,3.712,,,,,,,,,,,,,,,,
John Delaney,9/5/19,0.0359,,,,,,,,,,,,,,,,
Julian Castro,9/5/19,0.381,,,,,,,,,,,,,,,,
Kamala Harris,9/5/19,3.097,,,,,,,,,,,,,,,,
Marianne Williamson,9/5/19,2.762,,,,,,,,,,,,,,,,
Michael Bennet,9/5/19,0.039,,,,,,,,,,,,,,,,
Pete Buttigieg,9/5/19,1.401,,,,,,,,,,,,,,,,
Steve Bullock,9/5/19,0.185,,,,,,,,,,,,,,,,
Tim Ryan,9/5/19,0.0373,,,,,,,,,,,,,,,,
Tom Steyer,9/5/19,0.245,,,,,,,,,,,,,,,,
Tulsi Gabbard,9/5/19,0.543,,,,,,,,,,,,,,,,
Amy Klobuchar,9/11/19,0.759,,,,,,,,,,,,,,,,
Andrew Yang,9/11/19,0.796,,,,,,,,,,,,,,,,
Bernie Sanders,9/11/19,9.653,,,,,,,,,,,,,,,,
Beto O'Rourke,9/11/19,1.577,,,,,,,,,,,,,,,,
Bill De Blasio,9/11/19,0.169,,,,,,,,,,,,,,,,
Cory Booker,9/11/19,4.348,,,,,,,,,,,,,,,,
Elizabeth Warren,9/11/19,5.317,,,,,,,,,,,,,,,,
Joe Biden,9/11/19,3.72,,,,,,,,,,,,,,,,
John Delaney,9/11/19,0.0361,,,,,,,,,,,,,,,,
Julian Castro,9/11/19,0.382,,,,,,,,,,,,,,,,
Kamala Harris,9/11/19,3.106,,,,,,,,,,,,,,,,
Marianne Williamson,9/11/19,2.762,,,,,,,,,,,,,,,,
Michael Bennet,9/11/19,0.0392,,,,,,,,,,,,,,,,
Pete Buttigieg,9/11/19,1.409,,,,,,,,,,,,,,,,
Steve Bullock,9/11/19,0.186,,,,,,,,,,,,,,,,
Tim Ryan,9/11/19,0.0373,,,,,,,,,,,,,,,,
Tom Steyer,9/11/19,0.245,,,,,,,,,,,,,,,,
Tulsi Gabbard,9/11/19,0.553,,,,,,,,,,,,,,,,
Amy Klobuchar,9/14/19,0.762,,,,,,,,,,,,,,,,
Andrew Yang,9/14/19,0.835,,,,,,,,,,,,,,,,
Bernie Sanders,9/14/19,9.668,,,,,,,,,,,,,,,,
Beto O'Rourke,9/14/19,1.597,,,,,,,,,,,,,,,,
Bill De Blasio,9/14/19,0.169,,,,,,,,,,,,,,,,
Cory Booker,9/14/19,4.353,,,,,,,,,,,,,,,,
Elizabeth Warren,9/14/19,5.326,,,,,,,,,,,,,,,,
Joe Biden,9/14/19,3.729,,,,,,,,,,,,,,,,
John Delaney,9/14/19,0.0362,,,,,,,,,,,,,,,,
Julian Castro,9/14/19,0.385,,,,,,,,,,,,,,,,
Kamala Harris,9/14/19,3.115,,,,,,,,,,,,,,,,
Marianne Williamson,9/14/19,2.763,,,,,,,,,,,,,,,,
Michael Bennet,9/14/19,0.0393,,,,,,,,,,,,,,,,
Pete Buttigieg,9/14/19,1.427,,,,,,,,,,,,,,,,
Steve Bullock,9/14/19,0.186,,,,,,,,,,,,,,,,
Tim Ryan,9/14/19,0.0373,,,,,,,,,,,,,,,,
Tom Steyer,9/14/19,0.245,,,,,,,,,,,,,,,,
Tulsi Gabbard,9/14/19,0.556,,,,,,,,,,,,,,,,
Amy Klobuchar,9/16/19,0.764,,,,,,,,,,,,,,,,
Andrew Yang,9/16/19,0.852,,,,,,,,,,,,,,,,
Bernie Sanders,9/16/19,9.678,,,,,,,,,,,,,,,,
Beto O'Rourke,9/16/19,1.602,,,,,,,,,,,,,,,,
Bill De Blasio,9/16/19,0.169,,,,,,,,,,,,,,,,
Cory Booker,9/16/19,4.355,,,,,,,,,,,,,,,,
Elizabeth Warren,9/16/19,5.333,,,,,,,,,,,,,,,,
Joe Biden,9/16/19,3.733,,,,,,,,,,,,,,,,
John Delaney,9/16/19,0.0362,,,,,,,,,,,,,,,,
Julian Castro,9/16/19,0.387,,,,,,,,,,,,,,,,
Kamala Harris,9/16/19,3.121,,,,,,,,,,,,,,,,
Marianne Williamson,9/16/19,2.764,,,,,,,,,,,,,,,,
Michael Bennet,9/16/19,0.0393,,,,,,,,,,,,,,,,
Pete Buttigieg,9/16/19,1.433,,,,,,,,,,,,,,,,
Steve Bullock,9/16/19,0.186,,,,,,,,,,,,,,,,
Tim Ryan,9/16/19,0.0373,,,,,,,,,,,,,,,,
Tom Steyer,9/16/19,0.245,,,,,,,,,,,,,,,,
Tulsi Gabbard,9/16/19,0.562,,,,,,,,,,,,,,,,
Amy Klobuchar,9/21/19,0.766,,,,,,,,,,,,,,,,
Andrew Yang,9/21/19,0.871,,,,,,,,,,,,,,,,
Bernie Sanders,9/21/19,9.69,,,,,,,,,,,,,,,,
Beto O'Rourke,9/21/19,1.609,,,,,,,,,,,,,,,,
Cory Booker,9/21/19,4.357,,,,,,,,,,,,,,,,
Elizabeth Warren,9/21/19,5.341,,,,,,,,,,,,,,,,
Joe Biden,9/21/19,3.742,,,,,,,,,,,,,,,,
John Delaney,9/21/19,0.0363,,,,,,,,,,,,,,,,
Julian Castro,9/21/19,0.388,,,,,,,,,,,,,,,,
Kamala Harris,9/21/19,3.127,,,,,,,,,,,,,,,,
Marianne Williamson,9/21/19,2.763,,,,,,,,,,,,,,,,
Michael Bennet,9/21/19,0.0395,,,,,,,,,,,,,,,,
Pete Buttigieg,9/21/19,1.439,,,,,,,,,,,,,,,,
Steve Bullock,9/21/19,0.186,,,,,,,,,,,,,,,,
Tim Ryan,9/21/19,0.0374,,,,,,,,,,,,,,,,
Tom Steyer,9/21/19,0.245,,,,,,,,,,,,,,,,
Tulsi Gabbard,9/21/19,0.571,,,,,,,,,,,,,,,,
Amy Klobuchar,10/8/19,0.774,,,,,,,,,,,,,,,,
Andrew Yang,10/8/19,0.919,,,,,,,,,,,,,,,,
Bernie Sanders,10/8/19,9.776,,,,,,,,,,,,,,,,
Beto O'Rourke,10/8/19,1.635,,,,,,,,,,,,,,,,
Cory Booker,10/8/19,4.368,,,,,,,,,,,,,,,,
Elizabeth Warren,10/8/19,5.398,,,,,,,,,,,,,,,,
Joe Biden,10/8/19,3.833,,,,,,,,,,,,,,,,
John Delaney,10/8/19,0.0366,,,,,,,,,,,,,,,,
Julian Castro,10/8/19,0.4,,,,,,,,,,,,,,,,
Kamala Harris,10/8/19,3.171,,,,,,,,,,,,,,,,
Marianne Williamson,10/8/19,2.762,,,,,,,,,,,,,,,,
Michael Bennet,10/8/19,0.0397,,,,,,,,,,,,,,,,
Pete Buttigieg,10/8/19,1.466,,,,,,,,,,,,,,,,
Steve Bullock,10/8/19,0.186,,,,,,,,,,,,,,,,
Tim Ryan,10/8/19,0.0374,,,,,,,,,,,,,,,,
Tom Steyer,10/8/19,0.245,,,,,,,,,,,,,,,,
Tulsi Gabbard,10/8/19,0.584,,,,,,,,,,,,,,,,
Amy Klobuchar,10/14/19,0.778,,,,,,,,,,,,,,,,
Andrew Yang,10/14/19,0.931,,,,,,,,,,,,,,,,
Bernie Sanders,10/14/19,9.797,,,,,,,,,,,,,,,,
Beto O'Rourke,10/14/19,1.64,,,,,,,,,,,,,,,,
Cory Booker,10/14/19,4.371,,,,,,,,,,,,,,,,
Elizabeth Warren,10/14/19,5.419,,,,,,,,,,,,,,,,
Joe Biden,10/14/19,3.864,,,,,,,,,,,,,,,,
John Delaney,10/14/19,0.0366,,,,,,,,,,,,,,,,
Julian Castro,10/14/19,0.403,,,,,,,,,,,,,,,,
Kamala Harris,10/14/19,3.188,,,,,,,,,,,,,,,,
Marianne Williamson,10/14/19,2.762,,,,,,,,,,,,,,,,
Michael Bennet,10/14/19,0.0398,,,,,,,,,,,,,,,,
Pete Buttigieg,10/14/19,1.473,,,,,,,,,,,,,,,,
Steve Bullock,10/14/19,0.187,,,,,,,,,,,,,,,,
Tim Ryan,10/14/19,0.0374,,,,,,,,,,,,,,,,
Tom Steyer,10/14/19,0.246,,,,,,,,,,,,,,,,
Tulsi Gabbard,10/14/19,0.59,,,,,,,,,,,,,,,,
Amy Klobuchar,10/17/19,0.786,,,,,,,,,,,,,,,,
Andrew Yang,10/17/19,0.951,,,,,,,,,,,,,,,,
Bernie Sanders,10/17/19,9.83,,,,,,,,,,,,,,,,
Beto O'Rourke,10/17/19,1.65,,,,,,,,,,,,,,,,
Cory Booker,10/17/19,4.377,,,,,,,,,,,,,,,,
Elizabeth Warren,10/17/19,5.434,,,,,,,,,,,,,,,,
Joe Biden,10/17/19,3.881,,,,,,,,,,,,,,,,
John Delaney,10/17/19,0.0367,,,,,,,,,,,,,,,,
Julian Castro,10/17/19,0.409,,,,,,,,,,,,,,,,
Kamala Harris,10/17/19,3.198,,,,,,,,,,,,,,,,
Marianne Williamson,10/17/19,2.762,,,,,,,,,,,,,,,,
Michael Bennet,10/17/19,0.0399,,,,,,,,,,,,,,,,
Pete Buttigieg,10/17/19,1.485,,,,,,,,,,,,,,,,
Steve Bullock,10/17/19,0.187,,,,,,,,,,,,,,,,
Tim Ryan,10/17/19,0.0372,,,,,,,,,,,,,,,,
Tom Steyer,10/17/19,0.247,,,,,,,,,,,,,,,,
Tulsi Gabbard,10/17/19,0.607,,,,,,,,,,,,,,,,
Amy Klobuchar,11/4/19,0.805,,,,,,,,,,,,,,,,
Andrew Yang,11/4/19,0.991,,,,,,,,,,,,,,,,
Bernie Sanders,11/4/19,9.929,,,,,,,,,,,,,,,,
Cory Booker,11/4/19,4.393,,,,,,,,,,,,,,,,
Elizabeth Warren,11/4/19,5.476,,,,,,,,,,,,,,,,
Joe Biden,11/4/19,3.93,,,,,,,,,,,,,,,,
John Delaney,11/4/19,0.0371,,,,,,,,,,,,,,,,
Julian Castro,11/4/19,0.42,,,,,,,,,,,,,,,,
Kamala Harris,11/4/19,3.231,,,,,,,,,,,,,,,,
Marianne Williamson,11/4/19,2.764,,,,,,,,,,,,,,,,
Michael Bennet,11/4/19,0.0409,,,,,,,,,,,,,,,,
Pete Buttigieg,11/4/19,1.518,,,,,,,,,,,,,,,,
Steve Bullock,11/4/19,0.188,,,,,,,,,,,,,,,,
Tom Steyer,11/4/19,0.248,,,,,,,,,,,,,,,,
Tulsi Gabbard,11/4/19,0.722,,,,,,,,,,,,,,,,
Amy Klobuchar,11/5/19,0.806,,,,,,,,,,,,,,,,
Amy Klobuchar,1/2/20,0.843,,,,,,,,,,,,,,,,
Andrew Yang,1/2/20,1.131,,,,,,,,,,,,,,,,
Bernie Sanders,1/2/20,10.149,,,,,,,,,,,,,,,,
Cory Booker,1/2/20,4.414,,,,,,,,,,,,,,,,
Elizabeth Warren,1/2/20,5.531,,,,,,,,,,,,,,,,
Joe Biden,1/2/20,4.052,,,,,,,,,,,,,,,,
John Delaney,1/2/20,0.038,,,,,,,,,,,,,,,,
Marianne Williamson,1/2/20,2.763,,,,,,,,,,,,,,,,
Michael Bennet,1/2/20,0.0424,,,,,,,,,,,,,,,,
Michael Bloomberg,1/2/20,2.369,,,,,,,,,,,,,,,,
Pete Buttigieg,1/2/20,1.572,,,,,,,,,,,,,,,,
Tom Steyer,1/2/20,0.254,,,,,,,,,,,,,,,,
Tulsi Gabbard,1/2/20,0.763,,,,,,,,,,,,,,,,
,, ,,,,,,,,,,,,,,,,